Ivan Beschastnikh	http://dblp.uni-trier.de/pers/hd/b/Beschastnikh:Ivan
Michalis Famelis	http://dblp.uni-trier.de/pers/hd/f/Famelis:Michalis
Iulian Neamtiu	http://dblp.uni-trier.de/pers/hd/n/Neamtiu:Iulian
Xi Ge	http://dblp.uni-trier.de/pers/hd/g/Ge:Xi
Rick Salay	http://dblp.uni-trier.de/pers/hd/s/Salay:Rick
Eli Tilevich	http://dblp.uni-trier.de/pers/hd/t/Tilevich:Eli
Siobh&#225;n Clarke	http://dblp.uni-trier.de/pers/hd/c/Clarke:Siobh=aacute=n
Yasutaka Kamei	http://dblp.uni-trier.de/pers/hd/k/Kamei:Yasutaka
Jafar M. Al-Kofahi	http://dblp.uni-trier.de/pers/hd/a/Al=Kofahi:Jafar_M=
Lars Heinemann	http://dblp.uni-trier.de/pers/hd/h/Heinemann:Lars
Goetz Botterweck	http://dblp.uni-trier.de/pers/hd/b/Botterweck:Goetz
Tobias Roehm	http://dblp.uni-trier.de/pers/hd/r/Roehm:Tobias
Yunwen Ye	http://dblp.uni-trier.de/pers/hd/y/Ye:Yunwen
Abram Hindle	http://dblp.uni-trier.de/pers/hd/h/Hindle:Abram
Margaret M. Burnett	http://dblp.uni-trier.de/pers/hd/b/Burnett:Margaret_M=
Gregory Gay	http://dblp.uni-trier.de/pers/hd/g/Gay:Gregory
Andreas Pleuss	http://dblp.uni-trier.de/pers/hd/p/Pleuss:Andreas
Natalia Juristo Juzgado	http://dblp.uni-trier.de/pers/hd/j/Juzgado:Natalia_Juristo
Wouter Joosen	http://dblp.uni-trier.de/pers/hd/j/Joosen:Wouter
Casper Lassenius	http://dblp.uni-trier.de/pers/hd/l/Lassenius:Casper
Aleksandar Milicevic	http://dblp.uni-trier.de/pers/hd/m/Milicevic:Aleksandar
Joost Visser	http://dblp.uni-trier.de/pers/hd/v/Visser:Joost
Eric Bouwers	http://dblp.uni-trier.de/pers/hd/b/Bouwers:Eric
Orna Raz	http://dblp.uni-trier.de/pers/hd/r/Raz:Orna
Marvin V. Zelkowitz	http://dblp.uni-trier.de/pers/hd/z/Zelkowitz:Marvin_V=
Georgios Gousios	http://dblp.uni-trier.de/pers/hd/g/Gousios:Georgios
David H. Lorenz	http://dblp.uni-trier.de/pers/hd/l/Lorenz:David_H=
Weiyi Shang	http://dblp.uni-trier.de/pers/hd/s/Shang:Weiyi
Gian Pietro Picco	http://dblp.uni-trier.de/pers/hd/p/Picco:Gian_Pietro
Stefania Gnesi	http://dblp.uni-trier.de/pers/hd/g/Gnesi:Stefania
Thomas Fritz	http://dblp.uni-trier.de/pers/hd/f/Fritz:Thomas
Pearl Brereton	http://dblp.uni-trier.de/pers/hd/b/Brereton:Pearl
Mark Klein	http://dblp.uni-trier.de/pers/hd/k/Klein:Mark
Matthias Galster	http://dblp.uni-trier.de/pers/hd/g/Galster:Matthias
Qing Xie	http://dblp.uni-trier.de/pers/hd/x/Xie:Qing
Michaela Greiler	http://dblp.uni-trier.de/pers/hd/g/Greiler:Michaela
Gordon Fraser	http://dblp.uni-trier.de/pers/hd/f/Fraser:Gordon
Christof Ebert	http://dblp.uni-trier.de/pers/hd/e/Ebert:Christof
Reidar Conradi	http://dblp.uni-trier.de/pers/hd/c/Conradi:Reidar
Gregor Kiczales	http://dblp.uni-trier.de/pers/hd/k/Kiczales:Gregor
J&#246;rg Niere	http://dblp.uni-trier.de/pers/hd/n/Niere:J=ouml=rg
John Grundy	http://dblp.uni-trier.de/pers/hd/g/Grundy:John
Yinxing Xue	http://dblp.uni-trier.de/pers/hd/x/Xue:Yinxing
Oscar Nierstrasz	http://dblp.uni-trier.de/pers/hd/n/Nierstrasz:Oscar
Wilhelm Sch&#228;fer	http://dblp.uni-trier.de/pers/hd/s/Sch=auml=fer:Wilhelm
Jan J&#252;rjens	http://dblp.uni-trier.de/pers/hd/j/J=uuml=rjens:Jan
Arosha K. Bandara	http://dblp.uni-trier.de/pers/hd/b/Bandara:Arosha_K=
Luciano Baresi	http://dblp.uni-trier.de/pers/hd/b/Baresi:Luciano
Guowei Yang	http://dblp.uni-trier.de/pers/hd/y/Yang:Guowei
Steven Arzt	http://dblp.uni-trier.de/pers/hd/a/Arzt:Steven
Jim Whitehead	http://dblp.uni-trier.de/pers/hd/w/Whitehead:Jim
Karthik Pattabiraman	http://dblp.uni-trier.de/pers/hd/p/Pattabiraman:Karthik
Shing-Chi Cheung	http://dblp.uni-trier.de/pers/hd/c/Cheung:Shing=Chi
Martin Monperrus	http://dblp.uni-trier.de/pers/hd/m/Monperrus:Martin
Manfred Broy	http://dblp.uni-trier.de/pers/hd/b/Broy:Manfred
Kurt Geihs	http://dblp.uni-trier.de/pers/hd/g/Geihs:Kurt
Thorsten Berger	http://dblp.uni-trier.de/pers/hd/b/Berger:Thorsten
Matthew B. Dwyer	http://dblp.uni-trier.de/pers/hd/d/Dwyer:Matthew_B=
Santosh Pande	http://dblp.uni-trier.de/pers/hd/p/Pande:Santosh
Robert J. Walker	http://dblp.uni-trier.de/pers/hd/w/Walker:Robert_J=
Ivar Jacobson	http://dblp.uni-trier.de/pers/hd/j/Jacobson:Ivar
David Clark	http://dblp.uni-trier.de/pers/hd/c/Clark:David
Cleidson R. B. de Souza	http://dblp.uni-trier.de/pers/hd/s/Souza:Cleidson_R=_B=_de
Peter Knauber	http://dblp.uni-trier.de/pers/hd/k/Knauber:Peter
Lucia Rapanotti	http://dblp.uni-trier.de/pers/hd/r/Rapanotti:Lucia
Maxime Cordy	http://dblp.uni-trier.de/pers/hd/c/Cordy:Maxime
Brittany Johnson	http://dblp.uni-trier.de/pers/hd/j/Johnson:Brittany
Daniel Jackson	http://dblp.uni-trier.de/pers/hd/j/Jackson:Daniel
Victor R. Basili	http://dblp.uni-trier.de/pers/hd/b/Basili:Victor_R=
Alexander Chatzigeorgiou	http://dblp.uni-trier.de/pers/hd/c/Chatzigeorgiou:Alexander
Burak Turhan	http://dblp.uni-trier.de/pers/hd/t/Turhan:Burak
Mark Staples	http://dblp.uni-trier.de/pers/hd/s/Staples:Mark
Yonghee Shin	http://dblp.uni-trier.de/pers/hd/s/Shin:Yonghee
Ping Zhang	http://dblp.uni-trier.de/pers/hd/z/Zhang_0013:Ping
Yvan Labiche	http://dblp.uni-trier.de/pers/hd/l/Labiche:Yvan
Myoungkyu Song	http://dblp.uni-trier.de/pers/hd/s/Song:Myoungkyu
Thomas Stauner	http://dblp.uni-trier.de/pers/hd/s/Stauner:Thomas
Holger Giese	http://dblp.uni-trier.de/pers/hd/g/Giese:Holger
John T. Stasko	http://dblp.uni-trier.de/pers/hd/s/Stasko:John_T=
Jyrki Kontio	http://dblp.uni-trier.de/pers/hd/k/Kontio:Jyrki
Alessandra Russo	http://dblp.uni-trier.de/pers/hd/r/Russo:Alessandra
Jean-Marc J&#233;z&#233;quel	http://dblp.uni-trier.de/pers/hd/j/J=eacute=z=eacute=quel:Jean=Marc
Suresh Thummalapenta	http://dblp.uni-trier.de/pers/hd/t/Thummalapenta:Suresh
Mary Lou Soffa	http://dblp.uni-trier.de/pers/hd/s/Soffa:Mary_Lou
Liming Zhu	http://dblp.uni-trier.de/pers/hd/z/Zhu:Liming
Walt Scacchi	http://dblp.uni-trier.de/pers/hd/s/Scacchi:Walt
Helen Sharp	http://dblp.uni-trier.de/pers/hd/s/Sharp:Helen
Mehdi Jazayeri	http://dblp.uni-trier.de/pers/hd/j/Jazayeri:Mehdi
Gerwin Klein	http://dblp.uni-trier.de/pers/hd/k/Klein:Gerwin
Cristian Cadar	http://dblp.uni-trier.de/pers/hd/c/Cadar:Cristian
Clemens A. Szyperski	http://dblp.uni-trier.de/pers/hd/s/Szyperski:Clemens_A=
Ji Wang	http://dblp.uni-trier.de/pers/hd/w/Wang:Ji
Zhen Ming Jiang	http://dblp.uni-trier.de/pers/hd/j/Jiang:Zhen_Ming
Kostas Kontogiannis	http://dblp.uni-trier.de/pers/hd/k/Kontogiannis:Kostas
Christine Julien	http://dblp.uni-trier.de/pers/hd/j/Julien:Christine
Mira Mezini	http://dblp.uni-trier.de/pers/hd/m/Mezini:Mira
Muhammad Ali Babar	http://dblp.uni-trier.de/pers/hd/b/Babar:Muhammad_Ali
Roel Wieringa	http://dblp.uni-trier.de/pers/hd/w/Wieringa:Roel
David Binkley	http://dblp.uni-trier.de/pers/hd/b/Binkley:David
Norbert Siegmund	http://dblp.uni-trier.de/pers/hd/s/Siegmund:Norbert
Mira Kajko-Mattsson	http://dblp.uni-trier.de/pers/hd/k/Kajko=Mattsson:Mira
Alessandro Garcia	http://dblp.uni-trier.de/pers/hd/g/Garcia:Alessandro
Fabrizio Pastore	http://dblp.uni-trier.de/pers/hd/p/Pastore:Fabrizio
Henry Muccini	http://dblp.uni-trier.de/pers/hd/m/Muccini:Henry
Janet E. Burge	http://dblp.uni-trier.de/pers/hd/b/Burge:Janet_E=
Cristina Gacek	http://dblp.uni-trier.de/pers/hd/g/Gacek:Cristina
William G. J. Halfond	http://dblp.uni-trier.de/pers/hd/h/Halfond:William_G=_J=
Domenico Cotroneo	http://dblp.uni-trier.de/pers/hd/c/Cotroneo:Domenico
Paul Luo Li	http://dblp.uni-trier.de/pers/hd/l/Li:Paul_Luo
Laura Inozemtseva	http://dblp.uni-trier.de/pers/hd/i/Inozemtseva:Laura
Shihong Huang	http://dblp.uni-trier.de/pers/hd/h/Huang:Shihong
Janet Siegmund	http://dblp.uni-trier.de/pers/hd/s/Siegmund:Janet
Brad A. Myers	http://dblp.uni-trier.de/pers/hd/m/Myers:Brad_A=
Joanne M. Atlee	http://dblp.uni-trier.de/pers/hd/a/Atlee:Joanne_M=
Martin Fowler	http://dblp.uni-trier.de/pers/hd/f/Fowler:Martin
Naoyasu Ubayashi	http://dblp.uni-trier.de/pers/hd/u/Ubayashi:Naoyasu
Jon G. Hall	http://dblp.uni-trier.de/pers/hd/h/Hall:Jon_G=
Wolfgang De Meuter	http://dblp.uni-trier.de/pers/hd/m/Meuter:Wolfgang_De
Antonia Bertolino	http://dblp.uni-trier.de/pers/hd/b/Bertolino:Antonia
Itai Segall	http://dblp.uni-trier.de/pers/hd/s/Segall:Itai
Nicol&#242; Perino	http://dblp.uni-trier.de/pers/hd/p/Perino:Nicol=ograve=
Robert B. France	http://dblp.uni-trier.de/pers/hd/f/France:Robert_B=
Domenico Bianculli	http://dblp.uni-trier.de/pers/hd/b/Bianculli:Domenico
Ioana Rus	http://dblp.uni-trier.de/pers/hd/r/Rus:Ioana
Paul Gr&#252;nbacher	http://dblp.uni-trier.de/pers/hd/g/Gr=uuml=nbacher:Paul
Shahar Maoz	http://dblp.uni-trier.de/pers/hd/m/Maoz:Shahar
Lingxiao Jiang	http://dblp.uni-trier.de/pers/hd/j/Jiang:Lingxiao
Houari A. Sahraoui	http://dblp.uni-trier.de/pers/hd/s/Sahraoui:Houari_A=
John Mylopoulos	http://dblp.uni-trier.de/pers/hd/m/Mylopoulos:John
Bernd Fischer	http://dblp.uni-trier.de/pers/hd/f/Fischer_0002:Bernd
Deepak Dhungana	http://dblp.uni-trier.de/pers/hd/d/Dhungana:Deepak
Rick Rabiser	http://dblp.uni-trier.de/pers/hd/r/Rabiser:Rick
Udo Kelter	http://dblp.uni-trier.de/pers/hd/k/Kelter:Udo
Rui Abreu	http://dblp.uni-trier.de/pers/hd/a/Abreu:Rui
Shiva Nejati	http://dblp.uni-trier.de/pers/hd/n/Nejati:Shiva
Julia L. Lawall	http://dblp.uni-trier.de/pers/hd/l/Lawall:Julia_L=
&#193;kos Horv&#225;th	http://dblp.uni-trier.de/pers/hd/h/Horv=aacute=th:=Aacute=kos
Robert J. Hall	http://dblp.uni-trier.de/pers/hd/h/Hall:Robert_J=
Marwan Abi-Antoun	http://dblp.uni-trier.de/pers/hd/a/Abi=Antoun:Marwan
Kunal Taneja	http://dblp.uni-trier.de/pers/hd/t/Taneja:Kunal
Perry Alexander	http://dblp.uni-trier.de/pers/hd/a/Alexander:Perry
Bing Xie	http://dblp.uni-trier.de/pers/hd/x/Xie:Bing
Andrea Zisman	http://dblp.uni-trier.de/pers/hd/z/Zisman:Andrea
Shadi Abdul Khalek	http://dblp.uni-trier.de/pers/hd/k/Khalek:Shadi_Abdul
Lars Grunske	http://dblp.uni-trier.de/pers/hd/g/Grunske:Lars
Daniel Kroening	http://dblp.uni-trier.de/pers/hd/k/Kroening:Daniel
Alex Groce	http://dblp.uni-trier.de/pers/hd/g/Groce:Alex
Cyrille Artho	http://dblp.uni-trier.de/pers/hd/a/Artho:Cyrille
Debra J. Richardson	http://dblp.uni-trier.de/pers/hd/r/Richardson:Debra_J=
Andrea Arcuri	http://dblp.uni-trier.de/pers/hd/a/Arcuri:Andrea
Yoshinori Tanabe	http://dblp.uni-trier.de/pers/hd/t/Tanabe:Yoshinori
Yves Ledru	http://dblp.uni-trier.de/pers/hd/l/Ledru:Yves
Klaus Pohl	http://dblp.uni-trier.de/pers/hd/p/Pohl:Klaus
Ewen Denney	http://dblp.uni-trier.de/pers/hd/d/Denney:Ewen
Patrick M&#228;der	http://dblp.uni-trier.de/pers/hd/m/M=auml=der:Patrick
Gregory M. Kapfhammer	http://dblp.uni-trier.de/pers/hd/k/Kapfhammer:Gregory_M=
Massila Kamalrudin	http://dblp.uni-trier.de/pers/hd/k/Kamalrudin:Massila
Timo Kehrer	http://dblp.uni-trier.de/pers/hd/k/Kehrer:Timo
D&#225;niel Varr&#243;	http://dblp.uni-trier.de/pers/hd/v/Varr=oacute=:D=aacute=niel
Mathieu Acher	http://dblp.uni-trier.de/pers/hd/a/Acher:Mathieu
Chengnian Sun	http://dblp.uni-trier.de/pers/hd/s/Sun:Chengnian
Lucia	http://dblp.uni-trier.de/pers/hd/l/Lucia:
&#193;bel Heged&#252;s	http://dblp.uni-trier.de/pers/hd/h/Heged=uuml=s:=Aacute=bel
Milos Gligoric	http://dblp.uni-trier.de/pers/hd/g/Gligoric:Milos
Kelvin Ku	http://dblp.uni-trier.de/pers/hd/k/Ku:Kelvin
Chris Mattmann	http://dblp.uni-trier.de/pers/hd/m/Mattmann:Chris
Marcelo d'Amorim	http://dblp.uni-trier.de/pers/hd/d/d=Amorim:Marcelo
K. Vijay-Shanker	http://dblp.uni-trier.de/pers/hd/v/Vijay=Shanker:K=
Valentin Dallmeier	http://dblp.uni-trier.de/pers/hd/d/Dallmeier:Valentin
Lydie du Bousquet	http://dblp.uni-trier.de/pers/hd/b/Bousquet:Lydie_du
Volker Gruhn	http://dblp.uni-trier.de/pers/hd/g/Gruhn:Volker
Emily Hill	http://dblp.uni-trier.de/pers/hd/h/Hill:Emily
Junaid Haroon Siddiqui	http://dblp.uni-trier.de/pers/hd/s/Siddiqui:Junaid_Haroon
Ra&#250;l A. Santelices	http://dblp.uni-trier.de/pers/hd/s/Santelices:Ra=uacute=l_A=
Yann-Ga&#235;l Gu&#233;h&#233;neuc	http://dblp.uni-trier.de/pers/hd/g/Gu=eacute=h=eacute=neuc:Yann=Ga=euml=l
Cristina Videira Lopes	http://dblp.uni-trier.de/pers/hd/l/Lopes:Cristina_Videira
Mitsuharu Yamamoto	http://dblp.uni-trier.de/pers/hd/y/Yamamoto:Mitsuharu
Kim Mens	http://dblp.uni-trier.de/pers/hd/m/Mens:Kim
Nuo Li	http://dblp.uni-trier.de/pers/hd/l/Li:Nuo
Olivier Barais	http://dblp.uni-trier.de/pers/hd/b/Barais:Olivier
Huzefa H. Kagdi	http://dblp.uni-trier.de/pers/hd/k/Kagdi:Huzefa_H=
Istv&#225;n R&#225;th	http://dblp.uni-trier.de/pers/hd/r/R=aacute=th:Istv=aacute=n
Gregor Engels	http://dblp.uni-trier.de/pers/hd/e/Engels:Gregor
Mohamed Almorsy	http://dblp.uni-trier.de/pers/hd/a/Almorsy:Mohamed
David Lie	http://dblp.uni-trier.de/pers/hd/l/Lie:David
Gabriele Taentzer	http://dblp.uni-trier.de/pers/hd/t/Taentzer:Gabriele
Malay K. Ganai	http://dblp.uni-trier.de/pers/hd/g/Ganai:Malay_K=
Rupak Majumdar	http://dblp.uni-trier.de/pers/hd/m/Majumdar:Rupak
Shinichi Honiden	http://dblp.uni-trier.de/pers/hd/h/Honiden:Shinichi
Lingming Zhang	http://dblp.uni-trier.de/pers/hd/z/Zhang:Lingming
Amani S. Ibrahim	http://dblp.uni-trier.de/pers/hd/i/Ibrahim:Amani_S=
George Edwards	http://dblp.uni-trier.de/pers/hd/e/Edwards:George
Andrzej Wasowski	http://dblp.uni-trier.de/pers/hd/w/Wasowski:Andrzej
Masami Hagiya	http://dblp.uni-trier.de/pers/hd/h/Hagiya:Masami
Josip Maras	http://dblp.uni-trier.de/pers/hd/m/Maras:Josip
Carsten Sinz	http://dblp.uni-trier.de/pers/hd/s/Sinz:Carsten
Tetsuo Tamai	http://dblp.uni-trier.de/pers/hd/t/Tamai:Tetsuo
Bassem Elkarablieh	http://dblp.uni-trier.de/pers/hd/e/Elkarablieh:Bassem
Joshua Garcia	http://dblp.uni-trier.de/pers/hd/g/Garcia:Joshua
Sunny Wong	http://dblp.uni-trier.de/pers/hd/w/Wong:Sunny
Nam H. Pham	http://dblp.uni-trier.de/pers/hd/p/Pham:Nam_H=
Samik Basu	http://dblp.uni-trier.de/pers/hd/b/Basu:Samik
Thomas E. Hart	http://dblp.uni-trier.de/pers/hd/h/Hart:Thomas_E=
Ferdian Thung	http://dblp.uni-trier.de/pers/hd/t/Thung:Ferdian
Kim Lauenroth	http://dblp.uni-trier.de/pers/hd/l/Lauenroth:Kim
Brian Robinson	http://dblp.uni-trier.de/pers/hd/r/Robinson:Brian
Sushil Krishna Bajracharya	http://dblp.uni-trier.de/pers/hd/b/Bajracharya:Sushil_Krishna
Ajitha Rajan	http://dblp.uni-trier.de/pers/hd/r/Rajan:Ajitha
Patrick O'Neil Meredith	http://dblp.uni-trier.de/pers/hd/m/Meredith:Patrick_O=Neil
Arjan J. C. van Gemund	http://dblp.uni-trier.de/pers/hd/g/Gemund:Arjan_J=_C=_van
Stefano Tonetta	http://dblp.uni-trier.de/pers/hd/t/Tonetta:Stefano
Shaowei Wang	http://dblp.uni-trier.de/pers/hd/w/Wang:Shaowei
Carl K. Chang	http://dblp.uni-trier.de/pers/hd/c/Chang:Carl_K=
Sheikh Iqbal Ahamed	http://dblp.uni-trier.de/pers/hd/a/Ahamed:Sheikh_Iqbal
Hongji Yang	http://dblp.uni-trier.de/pers/hd/y/Yang:Hongji
Kai-Yuan Cai	http://dblp.uni-trier.de/pers/hd/c/Cai:Kai=Yuan
Mohammad Zulkernine	http://dblp.uni-trier.de/pers/hd/z/Zulkernine:Mohammad
Atilla El&#231;i	http://dblp.uni-trier.de/pers/hd/e/El=ccedil=i:Atilla
Stephen S. Yau	http://dblp.uni-trier.de/pers/hd/y/Yau:Stephen_S=
Lin Liu	http://dblp.uni-trier.de/pers/hd/l/Liu_0001:Lin
Bruce M. McMillin	http://dblp.uni-trier.de/pers/hd/m/McMillin:Bruce_M=
Hong Zhu	http://dblp.uni-trier.de/pers/hd/z/Zhu:Hong
T. H. Tse	http://dblp.uni-trier.de/pers/hd/t/Tse:T=_H=
Fevzi Belli	http://dblp.uni-trier.de/pers/hd/b/Belli:Fevzi
Jun Wei	http://dblp.uni-trier.de/pers/hd/w/Wei:Jun
Gang Huang	http://dblp.uni-trier.de/pers/hd/h/Huang_0001:Gang
Qianxiang Wang	http://dblp.uni-trier.de/pers/hd/w/Wang:Qianxiang
Detlef Streitferdt	http://dblp.uni-trier.de/pers/hd/s/Streitferdt:Detlef
William C. Chu	http://dblp.uni-trier.de/pers/hd/c/Chu:William_C=
W. K. Chan	http://dblp.uni-trier.de/pers/hd/c/Chan:W=_K=
Rajesh Subramanyan	http://dblp.uni-trier.de/pers/hd/s/Subramanyan:Rajesh
Xiaodong Liu	http://dblp.uni-trier.de/pers/hd/l/Liu:Xiaodong
Wenbo Zhang	http://dblp.uni-trier.de/pers/hd/z/Zhang:Wenbo
Tiberiu Seceleanu	http://dblp.uni-trier.de/pers/hd/s/Seceleanu:Tiberiu
Xiaoying Bai	http://dblp.uni-trier.de/pers/hd/b/Bai:Xiaoying
Elisa Bertino	http://dblp.uni-trier.de/pers/hd/b/Bertino:Elisa
Cristina Cerschi Seceleanu	http://dblp.uni-trier.de/pers/hd/s/Seceleanu:Cristina_Cerschi
Baowen Xu	http://dblp.uni-trier.de/pers/hd/x/Xu:Baowen
Jo&#227;o W. Cangussu	http://dblp.uni-trier.de/pers/hd/c/Cangussu:Jo=atilde=o_W=
Xiaoqing Frank Liu	http://dblp.uni-trier.de/pers/hd/l/Liu:Xiaoqing_Frank
Yinong Chen	http://dblp.uni-trier.de/pers/hd/c/Chen:Yinong
Bixin Li	http://dblp.uni-trier.de/pers/hd/l/Li:Bixin
Zhi Jin	http://dblp.uni-trier.de/pers/hd/j/Jin:Zhi
Xiaoyu Song	http://dblp.uni-trier.de/pers/hd/s/Song:Xiaoyu
Hua Zhong	http://dblp.uni-trier.de/pers/hd/z/Zhong:Hua
Ming Gu	http://dblp.uni-trier.de/pers/hd/g/Gu:Ming
Dianxiang Xu	http://dblp.uni-trier.de/pers/hd/x/Xu:Dianxiang
Aditya P. Mathur	http://dblp.uni-trier.de/pers/hd/m/Mathur:Aditya_P=
Juha Savolainen	http://dblp.uni-trier.de/pers/hd/s/Savolainen:Juha
Eric S. K. Yu	http://dblp.uni-trier.de/pers/hd/y/Yu:Eric_S=_K=
Ruwei Dai	http://dblp.uni-trier.de/pers/hd/d/Dai:Ruwei
Sahra Sedigh	http://dblp.uni-trier.de/pers/hd/s/Sedigh:Sahra
Linpeng Huang	http://dblp.uni-trier.de/pers/hd/h/Huang:Linpeng
Katsunori Oyama	http://dblp.uni-trier.de/pers/hd/o/Oyama:Katsunori
Vladimir Getov	http://dblp.uni-trier.de/pers/hd/g/Getov:Vladimir
Rajiv Ramnath	http://dblp.uni-trier.de/pers/hd/r/Ramnath:Rajiv
Feng-Jian Wang	http://dblp.uni-trier.de/pers/hd/w/Wang:Feng=Jian
Yang Li	http://dblp.uni-trier.de/pers/hd/l/Li:Yang
Chin-Yu Huang	http://dblp.uni-trier.de/pers/hd/h/Huang:Chin=Yu
Hanpin Wang	http://dblp.uni-trier.de/pers/hd/w/Wang:Hanpin
Hsinyi Jiang	http://dblp.uni-trier.de/pers/hd/j/Jiang:Hsinyi
W. Eric Wong	http://dblp.uni-trier.de/pers/hd/w/Wong:W=_Eric
John Plaice	http://dblp.uni-trier.de/pers/hd/p/Plaice:John
Saeko Matsuura	http://dblp.uni-trier.de/pers/hd/m/Matsuura:Saeko
William Cheng-Chung Chu	http://dblp.uni-trier.de/pers/hd/c/Chu:William_Cheng=Chung
Nancy R. Mead	http://dblp.uni-trier.de/pers/hd/m/Mead:Nancy_R=
Bo Jiang	http://dblp.uni-trier.de/pers/hd/j/Jiang:Bo
Hojun Jaygarl	http://dblp.uni-trier.de/pers/hd/j/Jaygarl:Hojun
Jun-Jang Jeng	http://dblp.uni-trier.de/pers/hd/j/Jeng:Jun=Jang
Xia Cui	http://dblp.uni-trier.de/pers/hd/c/Cui:Xia
Tsong Yueh Chen	http://dblp.uni-trier.de/pers/hd/c/Chen:Tsong_Yueh
Wei-Tek Tsai	http://dblp.uni-trier.de/pers/hd/t/Tsai:Wei=Tek
Hiroshi Yamamoto	http://dblp.uni-trier.de/pers/hd/y/Yamamoto:Hiroshi
Minghui Zhou	http://dblp.uni-trier.de/pers/hd/z/Zhou:Minghui
Katsuyuki Yamazaki	http://dblp.uni-trier.de/pers/hd/y/Yamazaki:Katsuyuki
Thomas Weigert	http://dblp.uni-trier.de/pers/hd/w/Weigert:Thomas
Zhiyi Ma	http://dblp.uni-trier.de/pers/hd/m/Ma:Zhiyi
Qing Wang	http://dblp.uni-trier.de/pers/hd/w/Wang:Qing
Chih-Hung Chang	http://dblp.uni-trier.de/pers/hd/c/Chang:Chih=Hung
Dazhi Huang	http://dblp.uni-trier.de/pers/hd/h/Huang:Dazhi
Wei Wang	http://dblp.uni-trier.de/pers/hd/w/Wang_0049:Wei
Tadashi Dohi	http://dblp.uni-trier.de/pers/hd/d/Dohi:Tadashi
Jinchun Xia	http://dblp.uni-trier.de/pers/hd/x/Xia:Jinchun
Doo-Hwan Bae	http://dblp.uni-trier.de/pers/hd/b/Bae:Doo=Hwan
Giuseppe Lami	http://dblp.uni-trier.de/pers/hd/l/Lami:Giuseppe
Mourad Oussalah	http://dblp.uni-trier.de/pers/hd/o/Oussalah:Mourad
Duygu &#199;elik	http://dblp.uni-trier.de/pers/hd/=/=Ccedil=elik:Duygu
Farokh B. Bastani	http://dblp.uni-trier.de/pers/hd/b/Bastani:Farokh_B=
Scott D. Miller	http://dblp.uni-trier.de/pers/hd/m/Miller:Scott_D=
Mario Fusani	http://dblp.uni-trier.de/pers/hd/f/Fusani:Mario
I-Ling Yen	http://dblp.uni-trier.de/pers/hd/y/Yen:I=Ling
Tao Huang	http://dblp.uni-trier.de/pers/hd/h/Huang:Tao
Junichi Suzuki	http://dblp.uni-trier.de/pers/hd/s/Suzuki:Junichi
Hai Hu	http://dblp.uni-trier.de/pers/hd/h/Hu:Hai
Weizhong Shao	http://dblp.uni-trier.de/pers/hd/s/Shao:Weizhong
Mohammad Tanviruzzaman	http://dblp.uni-trier.de/pers/hd/t/Tanviruzzaman:Mohammad
Leila Jemni Ben Ayed	http://dblp.uni-trier.de/pers/hd/a/Ayed:Leila_Jemni_Ben
Fabrizio Fabbrini	http://dblp.uni-trier.de/pers/hd/f/Fabbrini:Fabrizio
Supratik Mukhopadhyay	http://dblp.uni-trier.de/pers/hd/m/Mukhopadhyay:Supratik
Chang-Hai Jiang	http://dblp.uni-trier.de/pers/hd/j/Jiang:Chang=Hai
Sungwon Kang	http://dblp.uni-trier.de/pers/hd/k/Kang:Sungwon
Jerry Gao	http://dblp.uni-trier.de/pers/hd/g/Gao:Jerry
Yong Zhang	http://dblp.uni-trier.de/pers/hd/z/Zhang:Yong
Philipp Nenninger	http://dblp.uni-trier.de/pers/hd/n/Nenninger:Philipp
Peter J. Clarke	http://dblp.uni-trier.de/pers/hd/c/Clarke:Peter_J=
Chang-ai Sun	http://dblp.uni-trier.de/pers/hd/s/Sun:Chang=ai
Fei Xie	http://dblp.uni-trier.de/pers/hd/x/Xie:Fei
Wei Zhang	http://dblp.uni-trier.de/pers/hd/z/Zhang:Wei
Yanchun Sun	http://dblp.uni-trier.de/pers/hd/s/Sun:Yanchun
Rubing Huang	http://dblp.uni-trier.de/pers/hd/h/Huang:Rubing
Venkata Krishna Suhas Nerella	http://dblp.uni-trier.de/pers/hd/n/Nerella:Venkata_Krishna_Suhas
Gail-Joon Ahn	http://dblp.uni-trier.de/pers/hd/a/Ahn:Gail=Joon
Hen-I Yang	http://dblp.uni-trier.de/pers/hd/y/Yang:Hen=I
Mehmet A. Orgun	http://dblp.uni-trier.de/pers/hd/o/Orgun:Mehmet_A=
Liwei Shen	http://dblp.uni-trier.de/pers/hd/s/Shen:Liwei
Yaodong Li	http://dblp.uni-trier.de/pers/hd/l/Li:Yaodong
Chia-Hung Lin	http://dblp.uni-trier.de/pers/hd/l/Lin:Chia=Hung
Jingsha He	http://dblp.uni-trier.de/pers/hd/h/He:Jingsha
Takao Miura	http://dblp.uni-trier.de/pers/hd/m/Miura:Takao
Sanjay Kumar Madria	http://dblp.uni-trier.de/pers/hd/m/Madria:Sanjay_Kumar
Philippe Charland	http://dblp.uni-trier.de/pers/hd/c/Charland:Philippe
Toru Kobayashi	http://dblp.uni-trier.de/pers/hd/k/Kobayashi:Toru
Colette Rolland	http://dblp.uni-trier.de/pers/hd/r/Rolland:Colette
Yansheng Lu	http://dblp.uni-trier.de/pers/hd/l/Lu:Yansheng
Lian Yu	http://dblp.uni-trier.de/pers/hd/y/Yu:Lian
Yan Zhang	http://dblp.uni-trier.de/pers/hd/z/Zhang:Yan
Blanca Mancilla	http://dblp.uni-trier.de/pers/hd/m/Mancilla:Blanca
Xiang Huang	http://dblp.uni-trier.de/pers/hd/h/Huang:Xiang
Axel K&#252;pper	http://dblp.uni-trier.de/pers/hd/k/K=uuml=pper:Axel
Zhenyu Zhang	http://dblp.uni-trier.de/pers/hd/z/Zhang:Zhenyu
Tao Zhang	http://dblp.uni-trier.de/pers/hd/z/Zhang:Tao
Selim Ciraci	http://dblp.uni-trier.de/pers/hd/c/Ciraci:Selim
Bo Zhou	http://dblp.uni-trier.de/pers/hd/z/Zhou:Bo
Dongmei Liu	http://dblp.uni-trier.de/pers/hd/l/Liu:Dongmei
Jun-Ru Chang	http://dblp.uni-trier.de/pers/hd/c/Chang:Jun=Ru
Jay Ramanathan	http://dblp.uni-trier.de/pers/hd/r/Ramanathan:Jay
Chowdhury Sharif Hasan	http://dblp.uni-trier.de/pers/hd/h/Hasan:Chowdhury_Sharif
Moshiur Bhuiyan	http://dblp.uni-trier.de/pers/hd/b/Bhuiyan:Moshiur
Chih-Wei Lu	http://dblp.uni-trier.de/pers/hd/l/Lu:Chih=Wei
Cheng-Zen Yang	http://dblp.uni-trier.de/pers/hd/y/Yang:Cheng=Zen
Rudolf Ramler	http://dblp.uni-trier.de/pers/hd/r/Ramler:Rudolf
Swapna S. Gokhale	http://dblp.uni-trier.de/pers/hd/g/Gokhale:Swapna_S=
Daniel Shoemaker	http://dblp.uni-trier.de/pers/hd/s/Shoemaker:Daniel
George A. Papadopoulos	http://dblp.uni-trier.de/pers/hd/p/Papadopoulos:George_A=
Sahra Sedigh-Ali	http://dblp.uni-trier.de/pers/hd/s/Sedigh=Ali:Sahra
Christer Norstr&#246;m	http://dblp.uni-trier.de/pers/hd/n/Norstr=ouml=m:Christer
Atsushi Takeuchi	http://dblp.uni-trier.de/pers/hd/t/Takeuchi:Atsushi
Zizhen Wang	http://dblp.uni-trier.de/pers/hd/w/Wang:Zizhen
Ulrich Bareth	http://dblp.uni-trier.de/pers/hd/b/Bareth:Ulrich
Hiroyuki Ohsaki	http://dblp.uni-trier.de/pers/hd/o/Ohsaki:Hiroyuki
Shan Tang	http://dblp.uni-trier.de/pers/hd/t/Tang:Shan
Michael Linschulte	http://dblp.uni-trier.de/pers/hd/l/Linschulte:Michael
Guisheng Fan	http://dblp.uni-trier.de/pers/hd/f/Fan:Guisheng
Hai Wan	http://dblp.uni-trier.de/pers/hd/w/Wan:Hai
Bin Xu	http://dblp.uni-trier.de/pers/hd/x/Xu:Bin
Chao You	http://dblp.uni-trier.de/pers/hd/y/You:Chao
William R. Claycomb	http://dblp.uni-trier.de/pers/hd/c/Claycomb:William_R=
Bin Zhang	http://dblp.uni-trier.de/pers/hd/z/Zhang_0012:Bin
Maximilian Koegel	http://dblp.uni-trier.de/pers/hd/k/Koegel:Maximilian
Chi-Hung Chi	http://dblp.uni-trier.de/pers/hd/c/Chi:Chi=Hung
Ann Miller	http://dblp.uni-trier.de/pers/hd/m/Miller:Ann
Hiroyuki Sato	http://dblp.uni-trier.de/pers/hd/s/Sato:Hiroyuki
Shigehiro Ano	http://dblp.uni-trier.de/pers/hd/a/Ano:Shigehiro
Wanling Qu	http://dblp.uni-trier.de/pers/hd/q/Qu:Wanling
Lijun Mei	http://dblp.uni-trier.de/pers/hd/m/Mei:Lijun
Stephen Chen	http://dblp.uni-trier.de/pers/hd/c/Chen:Stephen
Yongji Wang	http://dblp.uni-trier.de/pers/hd/w/Wang:Yongji
David Chenho Kung	http://dblp.uni-trier.de/pers/hd/k/Kung:David_Chenho
Xiping Song	http://dblp.uni-trier.de/pers/hd/s/Song:Xiping
Philipp Sch&#252;gerl	http://dblp.uni-trier.de/pers/hd/s/Sch=uuml=gerl:Philipp
Hiroshi Fujimoto	http://dblp.uni-trier.de/pers/hd/f/Fujimoto:Hiroshi
Silvia Regina Vergilio	http://dblp.uni-trier.de/pers/hd/v/Vergilio:Silvia_Regina
Ron S. Kenett	http://dblp.uni-trier.de/pers/hd/k/Kenett:Ron_S=
Chen Li	http://dblp.uni-trier.de/pers/hd/l/Li_0009:Chen
Yuan Dong	http://dblp.uni-trier.de/pers/hd/d/Dong:Yuan
Byungjeong Lee	http://dblp.uni-trier.de/pers/hd/l/Lee:Byungjeong
James H. Cross II	http://dblp.uni-trier.de/pers/hd/c/Cross_II:James_H=
Golnaz Elahi	http://dblp.uni-trier.de/pers/hd/e/Elahi:Golnaz
Liqiong Chen	http://dblp.uni-trier.de/pers/hd/c/Chen:Liqiong
Nien-Lin Hsueh	http://dblp.uni-trier.de/pers/hd/h/Hsueh:Nien=Lin
Cunpai Lu	http://dblp.uni-trier.de/pers/hd/l/Lu:Cunpai
Tomi M&#228;nnist&#246;	http://dblp.uni-trier.de/pers/hd/m/M=auml=nnist=ouml=:Tomi
Lisandro Zambenedetti Granville	http://dblp.uni-trier.de/pers/hd/g/Granville:Lisandro_Zambenedetti
Alan L. Tharp	http://dblp.uni-trier.de/pers/hd/t/Tharp:Alan_L=
Qiang Liu	http://dblp.uni-trier.de/pers/hd/l/Liu:Qiang
Hannu Tenhunen	http://dblp.uni-trier.de/pers/hd/t/Tenhunen:Hannu
Christof J. Budnik	http://dblp.uni-trier.de/pers/hd/b/Budnik:Christof_J=
Chunxiao Xing	http://dblp.uni-trier.de/pers/hd/x/Xing:Chunxiao
Zan Xiao	http://dblp.uni-trier.de/pers/hd/x/Xiao:Zan
Norihiro Fukumoto	http://dblp.uni-trier.de/pers/hd/f/Fukumoto:Norihiro
Chengying Mao	http://dblp.uni-trier.de/pers/hd/m/Mao:Chengying
Huowang Chen	http://dblp.uni-trier.de/pers/hd/c/Chen:Huowang
Atsuo Hazeyama	http://dblp.uni-trier.de/pers/hd/h/Hazeyama:Atsuo
Jianjun Pu	http://dblp.uni-trier.de/pers/hd/p/Pu:Jianjun
Aneesh Krishna	http://dblp.uni-trier.de/pers/hd/k/Krishna:Aneesh
Jo&#227;o Ara&#250;jo	http://dblp.uni-trier.de/pers/hd/a/Ara=uacute=jo_0001:Jo=atilde=o
Yukiko Yamaguchi	http://dblp.uni-trier.de/pers/hd/y/Yamaguchi:Yukiko
Ching-Huey Wang	http://dblp.uni-trier.de/pers/hd/w/Wang:Ching=Huey
Dianxun Shuai	http://dblp.uni-trier.de/pers/hd/s/Shuai:Dianxun
Ivona Brandic	http://dblp.uni-trier.de/pers/hd/b/Brandic:Ivona
Yuting Chen	http://dblp.uni-trier.de/pers/hd/c/Chen:Yuting
Ji-Jiang Yang	http://dblp.uni-trier.de/pers/hd/y/Yang:Ji=Jiang
Sooyong Park	http://dblp.uni-trier.de/pers/hd/p/Park:Sooyong
Nick Cercone	http://dblp.uni-trier.de/pers/hd/c/Cercone:Nick
Hiroki Takakura	http://dblp.uni-trier.de/pers/hd/t/Takakura:Hiroki
Changhai Nie	http://dblp.uni-trier.de/pers/hd/n/Nie:Changhai
Jie Xu	http://dblp.uni-trier.de/pers/hd/x/Xu:Jie
John Strassner	http://dblp.uni-trier.de/pers/hd/s/Strassner:John
Sven van der Meer	http://dblp.uni-trier.de/pers/hd/m/Meer:Sven_van_der
Raman Ramsin	http://dblp.uni-trier.de/pers/hd/r/Ramsin:Raman
Bj&#246;rn Lundell	http://dblp.uni-trier.de/pers/hd/l/Lundell:Bj=ouml=rn
Michael Jiang	http://dblp.uni-trier.de/pers/hd/j/Jiang:Michael
Donggang Cao	http://dblp.uni-trier.de/pers/hd/c/Cao:Donggang
Andreas Holzinger	http://dblp.uni-trier.de/pers/hd/h/Holzinger:Andreas
Alfredo Cuzzocrea	http://dblp.uni-trier.de/pers/hd/c/Cuzzocrea:Alfredo
Jonas Helming	http://dblp.uni-trier.de/pers/hd/h/Helming:Jonas
Rafael Accorsi	http://dblp.uni-trier.de/pers/hd/a/Accorsi:Rafael
Jiun-Long Huang	http://dblp.uni-trier.de/pers/hd/h/Huang:Jiun=Long
Isamu Shioya	http://dblp.uni-trier.de/pers/hd/s/Shioya:Isamu
Jian Kang	http://dblp.uni-trier.de/pers/hd/k/Kang:Jian
Hiroyuki Okamura	http://dblp.uni-trier.de/pers/hd/o/Okamura:Hiroyuki
Wei Dong	http://dblp.uni-trier.de/pers/hd/d/Dong:Wei
Guilan Dai	http://dblp.uni-trier.de/pers/hd/d/Dai:Guilan
Xiaojuan Ban	http://dblp.uni-trier.de/pers/hd/b/Ban:Xiaojuan
Aditya Ghose	http://dblp.uni-trier.de/pers/hd/g/Ghose:Aditya
Dongman Lee	http://dblp.uni-trier.de/pers/hd/l/Lee:Dongman
Huiqun Yu	http://dblp.uni-trier.de/pers/hd/y/Yu:Huiqun
Fei He	http://dblp.uni-trier.de/pers/hd/h/He:Fei
Weider D. Yu	http://dblp.uni-trier.de/pers/hd/y/Yu:Weider_D=
Alan M. Davis	http://dblp.uni-trier.de/pers/hd/d/Davis:Alan_M=
Hossain Shahriar	http://dblp.uni-trier.de/pers/hd/s/Shahriar:Hossain
Paul Pettersson	http://dblp.uni-trier.de/pers/hd/p/Pettersson:Paul
Arnaud Gotlieb	http://dblp.uni-trier.de/pers/hd/g/Gotlieb:Arnaud
Nilothpal Talukder	http://dblp.uni-trier.de/pers/hd/t/Talukder:Nilothpal
Ken Sakamura	http://dblp.uni-trier.de/pers/hd/s/Sakamura:Ken
Yaw-Chung Chen	http://dblp.uni-trier.de/pers/hd/c/Chen:Yaw=Chung
Behnam Rahnama	http://dblp.uni-trier.de/pers/hd/r/Rahnama:Behnam
Bei-Bei Yin	http://dblp.uni-trier.de/pers/hd/y/Yin:Bei=Bei
Steve Counsell	http://dblp.uni-trier.de/pers/hd/c/Counsell:Steve
Jing Zhang	http://dblp.uni-trier.de/pers/hd/z/Zhang_0003:Jing
Nader Mohamed	http://dblp.uni-trier.de/pers/hd/m/Mohamed:Nader
